S/N,Filename,UUID,Output File Name
1,adewale-the-amebo,cad316c3-37f8-4b27-9f53-9d803bfcfee7,adewale-the-amebo.68464b49786ebadf201d0673fe5dd2dfc7c4106c7d6b0679fcef61122b097dac.csv
2,alli-the-queeny,a57ecda4-a26f-4e97-a757-e1800af39aab,alli-the-queeny.852aada22996f09e22ab14de26d2349646734f5395e028e966096129df709578.csv
3,aminat-the-snnobish,0e37ed0d-3e84-4f32-a91f-ec9c4ba8c7de,aminat-the-snnobish.b6f460792fd70f1cffa28b03928c041d0022bd04c30939aa035dec2477c6a4fc.csv
4, ,4f30b751-96e7-40fe-97fd-e3d44973ff2f, .92451d4453b1d1c3f7c354e967636d5473fe4366728d1a3fcd3700da61a74756.csv
5,chibuike-the-kudibag,5ce854f2-7ac1-46fd-b3fe-57583935d1e5,chibuike-the-kudibag.d4470192933ef71f331ababe05c7a159f4ae41cfb52108baec5c9f46265f6bf8.csv
6,chidinma-the-model,c98db72e-49ac-4ca6-89d5-e00f5fbbcc45,chidinma-the-model.6e6f996259baddabec4c99a9d6a0e2e468fe9cd5bec84c68176c56def9d5a519.csv
7,chioma-pretty- girl,182ea888-a85b-42ca-ad73-ed4f8f9aa5c7,chioma-pretty- girl.7f5176e6675586f3b0dfc898ae841ce546d4ccd97defde37a5053f77aa326034.csv
8,damilare-the-handsome,27eca2dc-d7df-474a-8f8f-1858152c711e,damilare-the-handsome.0055efcbdb28158e616360a4a0b09ac9d949798544250a7d418c7adafb553b8d.csv
9,ebiowie-the-planter,f1df8270-4d60-4bd4-8959-ba7c384db5c4,ebiowie-the-planter.8a2b1afd1c9639fc03946d65693a5c764dc89725a8b9f11d83e2e3ec7003f168.csv
10,emeka-the-businessman,9b3d75da-4887-4089-aee4-50de3954fdc9,emeka-the-businessman.4abf066e5d9c82ce2dc8018fee4e63cfa7506105960254bf55f6125e707d171a.csv
11,gbeminyi-the-monk,c8b1fd1d-8551-4bb4-8dc4-923a9aeb39fb,gbeminyi-the-monk.e757c30416193db6a2697247fdfead4e413c62adb75650a59368423309f16664.csv
12,henry-the-sportsman,e1225451-bfdf-4a1f-8d37-9cce3a0bd67b,henry-the-sportsman.39ae3fad2be706b41159b6849657e140706bbccbf1eb7c33c19c44ecbc8a547e.csv
13,mayowa-the-smallie,dfbb4163-df24-4d54-b74c-6218a68df8bd,mayowa-the-smallie.3cf3b92e203b9a4239ea654dec057a18782fa4fc1fd44ecedd98a9f7dfa71928.csv
14,muyiwa-the-stylish,dcf9d5a0-57b7-4126-a05e-6c8f1045d3f7,muyiwa-the-stylish.cc0d657c71b3c3727742f14f4d4c8a8299482678fa1ba56d10d12464ce5a30fc.csv
15,nina-paper-chaser,59524227-dc52-407c-8cca-e9e8c5fb3018,nina-paper-chaser.316be567b75211755e96e55fafe8ee9ae219ae0e3641cee83508270cd2961691.csv
16,oluwaseun-spicy,808f7007-6552-4efa-bd13-4b7c337b102b,oluwaseun-spicy.6eb2f706623b346af4a3fc23fbc659edd113ba11313ba5a91084fd1fd175b106.csv
17,sesan-the-smartie,ba3edda7-8940-4ca4-97ba-826398d5909f,sesan-the-smartie.ad305e72b8cf21721dc4bfa265e9cdd408d1758bf962260bc7ee112a92afa872.csv
18,tiwa-london,78da7aeb-8352-4e25-89ac-dc48b5984089,tiwa-london.e7294974bf42a2ac236299d64fe2ae414da88536f8a95bc808dae641f214af2f.csv
19,tunde-yoruba-demon,53b46bd7-a537-402b-b249-0b4074a8faae,tunde-yoruba-demon.b4d4ccb5bfe2755f567c3e1cbcca81245fa81a9bfa2761a446b27341b5caf9dd.csv
20,yakubu-the-zombie,4adb6781-1614-424e-8f77-fe59ffca2209,yakubu-the-zombie.09ce37c2f76e45db7c19fdcf2657581316322dccf5ccff96d029051a999caec3.csv
21,abdul-the-vibe,770f817a-9d9a-4772-9a91-e66dd9d03470,abdul-the-vibe.565248cf057d185bffb90695677151d71143de8fd262fbbdcddfe45857699c9f.csv
22,emeka-the -clown,78810fa6-a7ef-4d83-bf57-caf49db4ee69,emeka-the -clown.6803573d2627502b7fb7ee13a569fac1a63f9871c41c76b3949304b1f3807670.csv
23,salam-the-odogwu,f2957ded-022c-4b07-92c6-b345d4816a67,salam-the-odogwu.987b8a3e948811a62c5280c280d55c208779ac07e317bcc23bd37b635341163c.csv
24,charles-the-exporter,09395e76-19ed-4852-8748-795ee7496a8e,charles-the-exporter.aef7c45db0747aeb24466459b7b7edbf311cf9da90db516af1c388232b75af60.csv
25,wole-the-pimp,4d94d4f7-9b69-4e43-9db1-1fe83df92857,wole-the-pimp.24c98a62e5e40b4b61c49330f1c04e998427adef5cfe4cb27a600fb06b4ade2c.csv
26,saro-the-baller,d35a7514-8996-42fb-a5f2-5a603ec679c5,saro-the-baller.bdfdeb136c89bbe0edfe858cf26e1d393e79361589a6691f13543f5a0f3afaef.csv
27,ade-omo-yoruba,92984fa0-310b-4377-8a10-15965d044383,ade-omo-yoruba.31a3638747ecb2dd4c31d6c495848f4ac5ff27b9e4a6d6ba90631590d507c09c.csv
28,shola-cool kid,3ac5c186-bc14-4eb6-8567-cc818465a64f,shola-cool kid.dc157ff31280c245c0fbd983cfc6dc2609a48a07f0bd493bb9168c2ba5de46b8.csv
29,charlie-the-smoker,71a0aa22-d111-43b7-8484-43d87310bc42,charlie-the-smoker.5d40d678eb0b784ebda10cd7fb3469531050ff42ed75e5ec6a85775f692f5574.csv
30,femi-the-badguy,e493e3fb-a8a0-455a-854f-0f6474bbc69f,femi-the-badguy.29d95b3d705a9445d50fa635e6e15e791fff1fac622dd8b6540a462ab9aec88c.csv
31,sinzu-money,942f8347-9932-4331-bd15-d0f3a048b54f,sinzu-money.7ea52002f3e7afc874ed2fdaca7cc65d538f0de13b4e1b83062b5f67928cb8a9.csv
32,obinna-the-palmwine tapper,0f1af056-2548-4407-bed4-abc11deae05d,obinna-the-palmwine tapper.e5ef091b446bcfdc700e1536742d496886d2cece9b506a5a81b26e166e145ca7.csv
34,sabinus-the-town crier,01d4ce96-818e-44b1-8813-68a7d34b35ba,sabinus-the-town crier.560bccc3f0e11681f33d1ac3016d60ecd2958e8715a55ba99182285cd86b2dfc.csv
35,adisa-ibadan,3a925f27-35f6-4dbf-9960-c6527fae5f3e,adisa-ibadan.b56a98fcf94ce9814c1b236b55e56b5c7e6efe4cba5ccfd1cdb7440c31a8bb76.csv
36,linda-the-navigator,71f335a6-5a4f-4410-9cea-179336f0e498,linda-the-navigator.91b8171759dba869c95cef61db75bc0decf9f241045419bcaa936bfb45d42241.csv
37,kemi-the-iron lady,35b11a31-5b92-49f4-8fb1-30f255d22054,kemi-the-iron lady.19cd73aea1323f9f43694ee79392e19a13da84f85be807b36e8636ce26aecd3d.csv
38,mercy-the-sassy lady,7a3c70ac-927f-4a63-a3df-ab86dd27cd0f,mercy-the-sassy lady.e2cf833ed89be2e7771466fa908dae242fc91eaaa0b6e892d485c083d5893a09.csv
39,sandra-money,1bd95fb0-7b2e-4354-bebd-22f9cf70a1ca,sandra-money.12396ac2dd606c1c327837f16e97ebeb248eed2a8ca59bfbcb0ed27438d0084d.csv
40,bimpe-the-fashionista,92b548b7-998b-46b6-8198-80d407209483,bimpe-the-fashionista.e43ecd7de36892eae59fac66647fb5485733d74e05965a3b90ec30647b09b974.csv
301,wendy-the-banker,587645e2-5ace-11ed-9b6a-0242ac120002,wendy-the-banker.e7173907eb439f2d745359e86ca7b4f34c408aa20f1610573d4da18d47bd4f3b.csv
302,uduak-the-dark horse,58764862-5ace-11ed-9b6a-0242ac120002,uduak-the-dark horse.c53720eb569eaf914a899fb5b4e67e7b800496df2a03578658afbfb032bce64c.csv
303,timeyin -the -eccentric,58764a2e-5ace-11ed-9b6a-0242ac120002,timeyin -the -eccentric.d2d338086a77c25824ed5f437d063ef1d6f94d66137ae4f23657a020454e2f2a.csv
304,omawunmi -the -businesswoman,58764b78-5ace-11ed-9b6a-0242ac120002,omawunmi -the -businesswoman.ae83647364ebac00d4ffd8ead9e655c607a8680c581af5850c2c07113f3faf99.csv
305,halima -the -housewife,58764d8a-5ace-11ed-9b6a-0242ac120002,halima -the -housewife.0e296db5aa2aa534c17db2620bf75f741056e0c24808339dc721ec7537b56f23.csv
306,muna -the -block sister,58764ea2-5ace-11ed-9b6a-0242ac120002,muna -the -block sister.e5aa0807dd65395d21effba97032c0e696876d16fd1ba71e08222bc1394ac40f.csv
307,stella -the -gossip,58764fd8-5ace-11ed-9b6a-0242ac120002,stella -the -gossip.f33e2265315ef0923057f608988a50213cd4d3ba9890cc566883cc422e04969c.csv
308,agbani -the -wannabe,5876542e-5ace-11ed-9b6a-0242ac120002,agbani -the -wannabe.a30599449d92cde2049badb27d07fd6f761e6b659ad7d9121bfb787724893244.csv
309,asante-the -warrior,58765578-5ace-11ed-9b6a-0242ac120002,asante-the -warrior.3ebfa7d73e3f58207acd876e313585876e97466bf0760a3515836a007449414e.csv
310,hilda -the insomaniac,5876569a-5ace-11ed-9b6a-0242ac120002,hilda -the insomaniac.6d226a6e67db5a72e1bfaff29e30dc0b160a7d89f625a88fa441eacb8e89881b.csv
311,sisi yemi-the -street aunty,587657a8-5ace-11ed-9b6a-0242ac120002,sisi yemi-the -street aunty.ca3ffe9aaa0dc0d671bc1b27ebb9a9b815908f3f2dda3b65eec19b16a90d8715.csv
312,chiamaka -the -bully,587658ca-5ace-11ed-9b6a-0242ac120002,chiamaka -the -bully.8aff9423d6d179151f940fae84a9a873bc4c6f5af119f2580a02cf6ee863295e.csv
313,gift-the-fashionista,58765adc-5ace-11ed-9b6a-0242ac120002,gift-the-fashionista.18165c0d69c61812eedeb0bef545adff333dae59a933275f2af5d9263b93b1f0.csv
314,omoyene-the-weirdo,58765bea-5ace-11ed-9b6a-0242ac120002,omoyene-the-weirdo.a8c89a1276438bc59c7b45a8410aaba4c48386528e649be75a2bbcbca80b9711.csv
315,maria-the -freshface,58765d02-5ace-11ed-9b6a-0242ac120002,maria-the -freshface.3c8085015a4a906942a296b19d506775c4603e8fba71831a1aa97e6aaf32c956.csv
316,monica-the-smoker,58765e24-5ace-11ed-9b6a-0242ac120002,monica-the-smoker.d80bea2f7575a83bea40287acb7b571521f793d0b24adcee417638e5610a4b88.csv
341,mansur-the-partyrider,78db0f29-3936-4d9c-bb90-3dbf20dba2dd,mansur-the-partyrider.735c79fb511c8258c9ef14bdbd986ab4b456b2a8946792bef663b8adff6077c2.csv
342,tola-the-businessman,1c5d5a6b-cf04-4bf9-978e-22a7e9bc5819,tola-the-businessman.9dc223615317a1ef83b6ba5f12bc373b1673c2f91c160235405cf28af6ec6eec.csv
343,abdullahi-the-honorable,dd708276-445f-4483-8357-fc08e999328f,abdullahi-the-honorable.2263eb7af4a290e859dc2279a90ebfb0a6c533aebc1ab30bc43b6a9656960275.csv
344,ojukwu-the-badguy,76c1eabf-15ea-446a-8426-472982c4d800,ojukwu-the-badguy.21a22538a1ee659c4cc7afcc6f4f03ae7f3aae1ff318f0483271d4c53f9365ba.csv
345,odunsi-the-egbonadugbo,2912ab8b-5875-4277-a5c2-a0209aee90ae,odunsi-the-egbonadugbo.47689259552a14aa08707c95c68fd03683883234f5c66c7d9af71920ddab1476.csv
346,ogogo-the-sugardaddy,aa575f30-04ad-45f9-a798-199465117793,ogogo-the-sugardaddy.369e035c7003806f9e797dbef47cba84b2811bf93bee2149c546a05a9fd917ee.csv
347,suli-the-amalaseller,46fd4821-04dd-4f65-9290-c130a00c4c93,suli-the-amalaseller.1de8accb600ef3f721a2cb549f59ee48c759042ec286ad4e6b7f396e36d44713.csv
348,dolapo-the-afrocentric,cbab232b-5c62-4df8-867b-018a2e496cd4,dolapo-the-afrocentric.1815b09829154a20a401a3a93c01784cc7cd3b6df2e5cc8c98a094cd26554e71.csv
349,danjuma-the-saddist,5a42af57-186e-425b-b6b1-f72bda4911ef,danjuma-the-saddist.223d90d694154bc92642ece58f805f7f25edcb1255b7dbb83b87ea4315e6b41c.csv
350,chinedu-the-farmer,9e8a55d7-0d8d-465d-a628-08ddd387a2c6,chinedu-the-farmer.eb1348faedfbac3bc1c1d7f80c64e1c88d0123bd58b4ad3d923063e78bb884d5.csv
351,kola-the-baldguy,c32f1757-da9c-49e8-bd79-510a42b6971a,kola-the-baldguy.a959ff3ce07a081dcb0adb26d9a0d45d7a3692820d7ca1e3e7c942bd92feed2b.csv
352,bola-the-bosslady,09ff910d-a2be-49d5-8b27-b9378458701c,bola-the-bosslady.0d3d8797bff958d5c25ba4eaa72b6f4551bddef9bcd4086bc2c0659a0af85097.csv
353,kunle-the-alienguy,dea2f5d8-e3ba-4d3f-9a17-0a7edfd0c100,kunle-the-alienguy.4fed618e08da100ae591938270aac1ac544383601ab1202b88ce828a80f7459f.csv
354,segun-the-sharp,f9159a9c-f48d-4aee-bcc1-63c86209f806,segun-the-sharp.f70ca8bd0217f00c17347550cf6d9cc6352fff2985e688bc222fa9dc75d2cc7f.csv
355,ola-the-hardguy,a814fc77-bdfa-4e50-8ba8-3e4e4bcfb3c0,ola-the-hardguy.022a60b1f1c38dbb8483857f44cea65d1f2976b442476dad0a26d5f776af42e4.csv
356,emeka-the-chief,195e89c8-0b6f-43ad-9a2c-d20f03439e96,emeka-the-chief.26747b72ec26587492c14663eae9b15e9fdd6968224f12b99d0f4108ec8aafcd.csv
357,ugochukwu-the-celeb,74775cda-cff4-4d21-8819-693127598eca,ugochukwu-the-celeb.66fc46050f2bf384d589fa056442854da556ace0bfc6e605fab92161a47a2112.csv
358,adekunle-the-yorubademon,5c98c2d8-3144-4e08-8a0f-9b8d7e4f5aa7,adekunle-the-yorubademon.5b58d8773ad6db20e9b025b81fd61c15c9dbc57420f4a75598219a756151a334.csv
359,favour-the-fashionista,19fc15c3-80fe-4d45-a2fe-be8f087d57c4,favour-the-fashionista.e4ec17d3f6525162a5506e0502552e454052efe5caa939f36e4e36fbf53ad3e5.csv
360,jane-the-slayqueen,74775cda-cff4-4d21-8819-693127598eca,jane-the-slayqueen.1a747909ddcae92db331c9a383de8dad1ace0f72f035c73359bec3971d781b61.csv
